[
 {
  "Id": 273,
  "ScoutUUID": "1f31a16e-7096-4a98-bf8b-8a298deeb7d3",
  "Duration": 4.9796333,
  "Waypoints": [
   [
    712,
    647
   ],
   [
    728,
    633
   ],
   [
    704,
    637
   ],
   [
    705,
    668
   ],
   [
    712,
    628
   ],
   [
    701,
    629
   ],
   [
    698,
    640
   ],
   [
    619,
    642
   ]
  ],
  "WaypointWidths": [
   [
    125,
    72
   ],
   [
    130,
    86
   ],
   [
    111,
    81
   ],
   [
    112,
    51
   ],
   [
    118,
    91
   ],
   [
    123,
    89
   ],
   [
    131,
    78
   ],
   [
    43,
    76
   ]
  ],
  "WaypointTimes": [
   0.000009531,
   0.6187028,
   1.5333309,
   2.15934,
   2.4792569,
   3.094726,
   4.035247,
   4.9796333
  ],
  "Processed": true,
  "EnteredAt": "2017-11-28T22:30:00Z"
 },
 {
  "Id": 274,
  "ScoutUUID": "1f31a16e-7096-4a98-bf8b-8a298deeb7d3",
  "Duration": 2.4825974,
  "Waypoints": [
   [
    696,
    664
   ],
   [
    702,
    639
   ],
   [
    721,
    639
   ],
   [
    702,
    639
   ],
   [
    722,
    649
   ],
   [
    723,
    639
   ],
   [
    723,
    667
   ]
  ],
  "WaypointWidths": [
   [
    104,
    55
   ],
   [
    103,
    80
   ],
   [
    84,
    80
   ],
   [
    104,
    80
   ],
   [
    84,
    70
   ],
   [
    84,
    80
   ],
   [
    82,
    52
   ]
  ],
  "WaypointTimes": [
   0.000009323,
   0.30928546,
   0.6087305,
   0.91781926,
   1.2361981,
   1.5414057,
   2.4825974
  ],
  "Processed": true,
  "EnteredAt": "2017-11-28T22:30:00Z"
 },
 {
  "Id": 275,
  "ScoutUUID": "1f31a16e-7096-4a98-bf8b-8a298deeb7d3",
  "Duration": 3.1000385,
  "Waypoints": [
   [
    655,
    625
   ],
   [
    656,
    639
   ],
   [
    626,
    637
   ],
   [
    691,
    638
   ],
   [
    685,
    646
   ],
   [
    699,
    640
   ],
   [
    699,
    666
   ]
  ],
  "WaypointWidths": [
   [
    70,
    64
   ],
   [
    77,
    79
   ],
   [
    52,
    82
   ],
   [
    125,
    81
   ],
   [
    129,
    73
   ],
   [
    130,
    79
   ],
   [
    114,
    53
   ]
  ],
  "WaypointTimes": [
   0.000009688,
   0.32020348,
   0.92733055,
   1.2478594,
   1.5481062,
   2.787376,
   3.1000385
  ],
  "Processed": true,
  "EnteredAt": "2017-11-28T22:30:00Z"
 },
 {
  "Id": 276,
  "ScoutUUID": "1f31a16e-7096-4a98-bf8b-8a298deeb7d3",
  "Duration": 2.4808207,
  "Waypoints": [
   [
    1232,
    592
   ],
   [
    1164,
    584
   ],
   [
    1140,
    552
   ],
   [
    1130,
    549
   ],
   [
    1136,
    566
   ],
   [
    1133,
    543
   ]
  ],
  "WaypointWidths": [
   [
    47,
    126
   ],
   [
    80,
    121
   ],
   [
    63,
    90
   ],
   [
    53,
    85
   ],
   [
    56,
    68
   ],
   [
    56,
    92
   ]
  ],
  "WaypointTimes": [
   0.000007292,
   0.6111851,
   0.9345771,
   1.5533309,
   1.861902,
   2.4808207
  ],
  "Processed": true,
  "EnteredAt": "2017-11-28T22:30:00Z"
 },
 {
  "Id": 277,
  "ScoutUUID": "1f31a16e-7096-4a98-bf8b-8a298deeb7d3",
  "Duration": 38.46348,
  "Waypoints": [
   [
    680,
    606
   ],
   [
    695,
    594
   ],
   [
    768,
    674
   ],
   [
    782,
    673
   ],
   [
    776,
    629
   ],
   [
    856,
    620
   ],
   [
    836,
    613
   ],
   [
    976,
    606
   ],
   [
    975,
    611
   ],
   [
    897,
    602
   ],
   [
    644,
    601
   ],
   [
    649,
    597
   ],
   [
    643,
    588
   ],
   [
    640,
    597
   ],
   [
    648,
    592
   ],
   [
    671,
    605
   ],
   [
    710,
    611
   ],
   [
    804,
    611
   ],
   [
    853,
    603
   ],
   [
    1019,
    611
   ],
   [
    1063,
    606
   ],
   [
    1021,
    613
   ],
   [
    960,
    609
   ],
   [
    708,
    642
   ],
   [
    762,
    633
   ],
   [
    770,
    628
   ],
   [
    754,
    628
   ],
   [
    770,
    628
   ],
   [
    756,
    628
   ],
   [
    751,
    647
   ],
   [
    742,
    640
   ],
   [
    761,
    624
   ],
   [
    832,
    623
   ],
   [
    815,
    618
   ],
   [
    827,
    623
   ],
   [
    818,
    622
   ],
   [
    836,
    614
   ],
   [
    828,
    623
   ],
   [
    810,
    624
   ],
   [
    831,
    624
   ],
   [
    796,
    614
   ],
   [
    764,
    623
   ],
   [
    720,
    685
   ]
  ],
  "WaypointWidths": [
   [
    69,
    80
   ],
   [
    76,
    78
   ],
   [
    103,
    44
   ],
   [
    98,
    46
   ],
   [
    133,
    90
   ],
   [
    120,
    99
   ],
   [
    118,
    105
   ],
   [
    121,
    113
   ],
   [
    113,
    107
   ],
   [
    79,
    116
   ],
   [
    77,
    117
   ],
   [
    76,
    121
   ],
   [
    76,
    112
   ],
   [
    76,
    121
   ],
   [
    88,
    116
   ],
   [
    88,
    113
   ],
   [
    91,
    107
   ],
   [
    99,
    107
   ],
   [
    80,
    115
   ],
   [
    122,
    108
   ],
   [
    140,
    112
   ],
   [
    125,
    106
   ],
   [
    123,
    110
   ],
   [
    141,
    76
   ],
   [
    116,
    86
   ],
   [
    114,
    90
   ],
   [
    133,
    90
   ],
   [
    114,
    90
   ],
   [
    113,
    91
   ],
   [
    90,
    71
   ],
   [
    99,
    71
   ],
   [
    130,
    95
   ],
   [
    121,
    96
   ],
   [
    110,
    91
   ],
   [
    116,
    96
   ],
   [
    108,
    97
   ],
   [
    116,
    104
   ],
   [
    124,
    96
   ],
   [
    107,
    94
   ],
   [
    122,
    95
   ],
   [
    116,
    104
   ],
   [
    130,
    96
   ],
   [
    110,
    33
   ]
  ],
  "WaypointTimes": [
   0.000009271,
   0.30919543,
   0.9369341,
   1.2449507,
   1.5635679,
   2.1669936,
   3.0886855,
   4.025948,
   4.3278236,
   5.258136,
   9.907131,
   13.307103,
   14.250601,
   14.866316,
   15.167781,
   16.433712,
   16.737741,
   17.058325,
   17.364891,
   18.298855,
   18.622282,
   18.929474,
   19.235044,
   20.161556,
   21.087757,
   21.41115,
   21.720509,
   22.029903,
   22.957394,
   23.272783,
   23.59197,
   23.911577,
   25.74714,
   30.689438,
   31.945986,
   32.249084,
   32.88225,
   35.017967,
   35.329117,
   36.27209,
   37.832428,
   38.15233,
   38.46348
  ],
  "Processed": true,
  "EnteredAt": "2017-11-28T22:30:00Z"
 }
]